<?xml version="1.0"?>
<House xmlns:xsd="http://www.w3.org/2001/XMLSchema" xmlns:xsi="http://www.w3.org/2001/XMLSchema-instance">
  <Name>Ap98</Name>
  <mRooms>
    <Room>
      <Name>Хол</Name>
      <mDevices>
        <Device>
          <Name>Термостат</Name>
          <mDevCaps>7</mDevCaps>
          <NAD>1</NAD>
          <NVM>
            <_blocks />
          </NVM>
          <Signals>
            <Signal>
              <Name>Ниво</Name>
              <mvalue>0</mvalue>
              <mmsgid>0</mmsgid>
              <mmbyteID>0</mmbyteID>
              <msize>1</msize>
              <mscale>1</mscale>
              <moffset>0</moffset>
              <mresolution>%</mresolution>
              <Scale>1</Scale>
              <Offest>0</Offest>
              <MessageID>0</MessageID>
              <StartByte>0</StartByte>
              <Lenght>1</Lenght>
              <Res>%</Res>
            </Signal>
          </Signals>
          <RSSI>0</RSSI>
        </Device>
        <Device>
          <Name>Термовентил</Name>
          <mDevCaps>16</mDevCaps>
          <NAD>9</NAD>
          <NVM>
            <_blocks />
          </NVM>
          <Signals />
          <RSSI>0</RSSI>
        </Device>
        <Device>
          <Name>Device 4</Name>
          <mDevCaps>8</mDevCaps>
          <NAD>4</NAD>
          <NVM>
            <_blocks />
          </NVM>
          <Signals />
          <RSSI>0</RSSI>
        </Device>
        <Device>
          <Name>PIR_actuator</Name>
          <mDevCaps>8</mDevCaps>
          <NAD>12</NAD>
          <NVM>
            <_blocks />
          </NVM>
          <Signals />
          <RSSI>0</RSSI>
        </Device>
        <Device>
          <Name>Device_1</Name>
          <mDevCaps>8</mDevCaps>
          <NAD>254</NAD>
          <NVM>
            <_blocks />
          </NVM>
          <Signals />
          <RSSI>0</RSSI>
        </Device>
      </mDevices>
    </Room>
    <Room>
      <Name>Кухня</Name>
      <mDevices>
        <Device>
          <Name>Термостат</Name>
          <mDevCaps>6</mDevCaps>
          <NAD>5</NAD>
          <NVM>
            <_blocks />
          </NVM>
          <Signals>
            <Signal>
              <Name>Ниво</Name>
              <mvalue>0</mvalue>
              <mmsgid>0</mmsgid>
              <mmbyteID>0</mmbyteID>
              <msize>1</msize>
              <mscale>1</mscale>
              <moffset>0</moffset>
              <mresolution>%</mresolution>
              <Scale>1</Scale>
              <Offest>0</Offest>
              <MessageID>0</MessageID>
              <StartByte>0</StartByte>
              <Lenght>1</Lenght>
              <Res>%</Res>
            </Signal>
          </Signals>
          <RSSI>0</RSSI>
        </Device>
      </mDevices>
    </Room>
    <Room>
      <Name>Детска</Name>
      <mDevices>
        <Device>
          <Name>Термостат</Name>
          <mDevCaps>6</mDevCaps>
          <NAD>7</NAD>
          <NVM>
            <_blocks />
          </NVM>
          <Signals>
            <Signal>
              <Name>Ниво</Name>
              <mvalue>0</mvalue>
              <mmsgid>4</mmsgid>
              <mmbyteID>5</mmbyteID>
              <msize>1</msize>
              <mscale>1</mscale>
              <moffset>0</moffset>
              <mresolution>%</mresolution>
              <Scale>1</Scale>
              <Offest>0</Offest>
              <MessageID>4</MessageID>
              <StartByte>5</StartByte>
              <Lenght>1</Lenght>
              <Res>%</Res>
            </Signal>
          </Signals>
          <RSSI>0</RSSI>
        </Device>
        <Device>
          <Name>Реле подово</Name>
          <mDevCaps>8</mDevCaps>
          <NAD>13</NAD>
          <NVM>
            <_blocks />
          </NVM>
          <Signals>
            <Signal>
              <Name>Температура</Name>
              <mvalue>21.7</mvalue>
              <mmsgid>2</mmsgid>
              <mmbyteID>5</mmbyteID>
              <msize>2</msize>
              <mscale>0.1</mscale>
              <moffset>0</moffset>
              <mresolution>C</mresolution>
              <Scale>0.1</Scale>
              <Offest>0</Offest>
              <MessageID>2</MessageID>
              <StartByte>5</StartByte>
              <Lenght>2</Lenght>
              <Res>C</Res>
            </Signal>
            <Signal>
              <Name>Влажност</Name>
              <mvalue>62</mvalue>
              <mmsgid>2</mmsgid>
              <mmbyteID>7</mmbyteID>
              <msize>1</msize>
              <mscale>1</mscale>
              <moffset>0</moffset>
              <mresolution>%</mresolution>
              <Scale>1</Scale>
              <Offest>0</Offest>
              <MessageID>2</MessageID>
              <StartByte>7</StartByte>
              <Lenght>1</Lenght>
              <Res>%</Res>
            </Signal>
            <Signal>
              <Name>Енергия</Name>
              <mvalue>19.0991955</mvalue>
              <mmsgid>7</mmsgid>
              <mmbyteID>5</mmbyteID>
              <msize>4</msize>
              <mscale>2.778E-07</mscale>
              <moffset>0</moffset>
              <mresolution>kWh</mresolution>
              <Scale>2.778E-07</Scale>
              <Offest>0</Offest>
              <MessageID>7</MessageID>
              <StartByte>5</StartByte>
              <Lenght>4</Lenght>
              <Res>kWh</Res>
            </Signal>
          </Signals>
          <RSSI>0</RSSI>
        </Device>
      </mDevices>
    </Room>
    <Room>
      <Name>Баня</Name>
      <mDevices>
        <Device>
          <Name>Управление</Name>
          <mDevCaps>106</mDevCaps>
          <NAD>2</NAD>
          <NVM>
            <_blocks />
          </NVM>
          <Signals>
            <Signal>
              <Name>Температура</Name>
              <mvalue>20</mvalue>
              <mmsgid>2</mmsgid>
              <mmbyteID>5</mmbyteID>
              <msize>1</msize>
              <mscale>0.5</mscale>
              <moffset>0</moffset>
              <mresolution>C</mresolution>
              <Scale>0.5</Scale>
              <Offest>0</Offest>
              <MessageID>2</MessageID>
              <StartByte>5</StartByte>
              <Lenght>1</Lenght>
              <Res>C</Res>
            </Signal>
            <Signal>
              <Name>Вода</Name>
              <mvalue>19</mvalue>
              <mmsgid>2</mmsgid>
              <mmbyteID>6</mmbyteID>
              <msize>1</msize>
              <mscale>0.5</mscale>
              <moffset>0</moffset>
              <mresolution>C</mresolution>
              <Scale>0.5</Scale>
              <Offest>0</Offest>
              <MessageID>2</MessageID>
              <StartByte>6</StartByte>
              <Lenght>1</Lenght>
              <Res>C</Res>
            </Signal>
            <Signal>
              <Name>Вентилатор</Name>
              <mvalue>0</mvalue>
              <mmsgid>2</mmsgid>
              <mmbyteID>9</mmbyteID>
              <msize>1</msize>
              <mscale>1</mscale>
              <moffset>0</moffset>
              <mresolution />
              <Scale>1</Scale>
              <Offest>0</Offest>
              <MessageID>2</MessageID>
              <StartByte>9</StartByte>
              <Lenght>1</Lenght>
              <Res />
            </Signal>
            <Signal>
              <Name>Отопление</Name>
              <mvalue>0</mvalue>
              <mmsgid>2</mmsgid>
              <mmbyteID>7</mmbyteID>
              <msize>1</msize>
              <mscale>1</mscale>
              <moffset>0</moffset>
              <mresolution />
              <Scale>1</Scale>
              <Offest>0</Offest>
              <MessageID>2</MessageID>
              <StartByte>7</StartByte>
              <Lenght>1</Lenght>
              <Res />
            </Signal>
            <Signal>
              <Name>Енергия Отопл.</Name>
              <mvalue>3.47411132</mvalue>
              <mmsgid>7</mmsgid>
              <mmbyteID>9</mmbyteID>
              <msize>4</msize>
              <mscale>2.778E-07</mscale>
              <moffset>0</moffset>
              <mresolution>kWh</mresolution>
              <Scale>2.778E-07</Scale>
              <Offest>0</Offest>
              <MessageID>7</MessageID>
              <StartByte>9</StartByte>
              <Lenght>4</Lenght>
              <Res>kWh</Res>
            </Signal>
            <Signal>
              <Name>Енергия Вент.</Name>
              <mvalue>0.6046734</mvalue>
              <mmsgid>7</mmsgid>
              <mmbyteID>5</mmbyteID>
              <msize>4</msize>
              <mscale>2.778E-07</mscale>
              <moffset>0</moffset>
              <mresolution>kWh</mresolution>
              <Scale>2.778E-07</Scale>
              <Offest>0</Offest>
              <MessageID>7</MessageID>
              <StartByte>5</StartByte>
              <Lenght>4</Lenght>
              <Res>kWh</Res>
            </Signal>
            <Signal>
              <Name>Къпане</Name>
              <mvalue>0</mvalue>
              <mmsgid>2</mmsgid>
              <mmbyteID>8</mmbyteID>
              <msize>1</msize>
              <mscale>1</mscale>
              <moffset>0</moffset>
              <mresolution />
              <Scale>1</Scale>
              <Offest>0</Offest>
              <MessageID>2</MessageID>
              <StartByte>8</StartByte>
              <Lenght>1</Lenght>
              <Res />
            </Signal>
          </Signals>
          <RSSI>0</RSSI>
        </Device>
      </mDevices>
    </Room>
    <Room>
      <Name>Килер</Name>
      <mDevices>
        <Device>
          <Name>Реле WiFI</Name>
          <mDevCaps>8</mDevCaps>
          <NAD>11</NAD>
          <NVM>
            <_blocks />
          </NVM>
          <Signals>
            <Signal>
              <Name>Енергия</Name>
              <mvalue>0.252579659</mvalue>
              <mmsgid>7</mmsgid>
              <mmbyteID>5</mmbyteID>
              <msize>4</msize>
              <mscale>2.778E-07</mscale>
              <moffset>0</moffset>
              <mresolution>kWh</mresolution>
              <Scale>2.778E-07</Scale>
              <Offest>0</Offest>
              <MessageID>7</MessageID>
              <StartByte>5</StartByte>
              <Lenght>4</Lenght>
              <Res>kWh</Res>
            </Signal>
          </Signals>
          <RSSI>0</RSSI>
        </Device>
      </mDevices>
    </Room>
  </mRooms>
  <mNetworkID>2054843441</mNetworkID>
  <PowerLoss>2054843441</PowerLoss>
</House>